{
    "observation.state": {
        "min": [
            10.285714149475098,
            -3.8241758346557617,
            -129.010986328125,
            -21.758241653442383,
            -44.43955993652344,
            3.0120482444763184
        ],
        "max": [
            62.153846740722656,
            120.65933990478516,
            2.5934066772460938,
            11.912087440490723,
            174.90109252929688,
            87.34939575195312
        ],
        "mean": [
            38.594057333797174,
            75.70413430617359,
            -74.95948354762307,
            -9.623939633382351,
            68.48558102161847,
            60.349277132386554
        ],
        "std": [
            6.419082245557981,
            29.185180466683022,
            28.224558510317014,
            7.750731760339573,
            59.03270558610484,
            36.38560379828311
        ],
        "count": [
            64662
        ],
        "q01": [
            25.31122995029294,
            10.982455147084272,
            -90.31766710310532,
            -12.008541053421197,
            46.49770003425492,
            3.0938834596390383
        ],
        "q10": [
            33.17843821245771,
            37.11533390503181,
            -88.85580995033625,
            -11.315830096477153,
            47.39387218608018,
            8.236070272427044
        ],
        "q50": [
            37.98200340170719,
            86.12403696127353,
            -84.68979409260129,
            -9.656285380305903,
            67.87142437831406,
            77.81116134883625
        ],
        "q90": [
            45.33365798414516,
            92.55467411472503,
            -40.27757924885289,
            -8.111846280892085,
            93.34997357314556,
            79.63202247701385
        ],
        "q99": [
            52.118506487188924,
            93.98750403564958,
            -14.409103241466676,
            -7.920645053016341,
            95.5500761898354,
            85.87340704003753
        ]
    },
    "observation.images.laptop": {
        "min": [
            [
                [
                    0.0
                ]
            ],
            [
                [
                    0.0
                ]
            ],
            [
                [
                    0.0
                ]
            ]
        ],
        "max": [
            [
                [
                    1.0
                ]
            ],
            [
                [
                    1.0
                ]
            ],
            [
                [
                    1.0
                ]
            ]
        ],
        "mean": [
            [
                [
                    0.40188466055194233
                ]
            ],
            [
                [
                    0.40686818061111846
                ]
            ],
            [
                [
                    0.42808948476332015
                ]
            ]
        ],
        "std": [
            [
                [
                    0.009734349471997646
                ]
            ],
            [
                [
                    0.010559422305450348
                ]
            ],
            [
                [
                    0.009738616399339164
                ]
            ]
        ],
        "count": [
            10528
        ],
        "q01": [
            [
                [
                    0.019824032370626753
                ]
            ],
            [
                [
                    0.025469298964982217
                ]
            ],
            [
                [
                    0.04186595356225082
                ]
            ]
        ],
        "q10": [
            [
                [
                    0.05684286304150835
                ]
            ],
            [
                [
                    0.06363063312173255
                ]
            ],
            [
                [
                    0.08890453426692582
                ]
            ]
        ],
        "q50": [
            [
                [
                    0.2838548177607605
                ]
            ],
            [
                [
                    0.29732658048035937
                ]
            ],
            [
                [
                    0.3270214792277099
                ]
            ]
        ],
        "q90": [
            [
                [
                    0.8894367024314679
                ]
            ],
            [
                [
                    0.8634726291635796
                ]
            ],
            [
                [
                    0.8480234449234954
                ]
            ]
        ],
        "q99": [
            [
                [
                    0.9836754672286024
                ]
            ],
            [
                [
                    0.960693529661205
                ]
            ],
            [
                [
                    0.9467285482661932
                ]
            ]
        ]
    },
    "episode_index": {
        "min": [
            0
        ],
        "max": [
            49
        ],
        "mean": [
            21.97503943583557
        ],
        "std": [
            14.14400858231331
        ],
        "count": [
            64662
        ],
        "q01": [
            21.97503943583557
        ],
        "q10": [
            21.97503943583558
        ],
        "q50": [
            21.97503943583559
        ],
        "q90": [
            21.975039435835605
        ],
        "q99": [
            21.975039435835615
        ]
    },
    "observation.images.wrist": {
        "min": [
            [
                [
                    0.0
                ]
            ],
            [
                [
                    0.0
                ]
            ],
            [
                [
                    0.0
                ]
            ]
        ],
        "max": [
            [
                [
                    1.0
                ]
            ],
            [
                [
                    1.0
                ]
            ],
            [
                [
                    1.0
                ]
            ]
        ],
        "mean": [
            [
                [
                    0.4405185562007382
                ]
            ],
            [
                [
                    0.4561561073287914
                ]
            ],
            [
                [
                    0.4599091777668512
                ]
            ]
        ],
        "std": [
            [
                [
                    0.03037002496979424
                ]
            ],
            [
                [
                    0.03205823317256751
                ]
            ],
            [
                [
                    0.03685662945467253
                ]
            ]
        ],
        "count": [
            10528
        ],
        "q01": [
            [
                [
                    0.0077024020651648584
                ]
            ],
            [
                [
                    0.010595089597117437
                ]
            ],
            [
                [
                    0.009609716678073517
                ]
            ]
        ],
        "q10": [
            [
                [
                    0.04426816400209318
                ]
            ],
            [
                [
                    0.052901510076951756
                ]
            ],
            [
                [
                    0.06729041880372114
                ]
            ]
        ],